{
	"name": "指玄通鉴",
	"landing_text": "$(o)玄文通鉴照迷途 万法千规一册书$(br)莫道天机深似海 此中真意指如初",
	"version": 0,
    "use_resource_pack": true,
    "show_toasts":true,
     "model":"patchouli:book_red",
    "book_texture":"patchouli:textures/gui/book_red.png",
    "macros":{
          "patchouli:text":"$(text)",
          "patchouli:image":"$(image)",
          "patchouli:spotlight":"$(spotlight)",
          "patchouli:entity":"$(entity)",
          "patchouli:carfting":"$(carfting)"
  }
}
