{
    "name": "入道",
    "icon": "minecraft:bowl",
    "category": "patchouli:pachouliyc_1",
    "pages": [
    {
            "type": "patchouli:text",
            "text": "$(o)机缘一到，凡骨亦仙$()$(br)从凡人到练气一修士，固定需要$(b)100$()点灵气，灵气获取来源：$(li)击杀生物 $(li)吃灵石 $(li)服用涨修为丹药 $(li)打坐 $(li)其他"
    },
    {
    "title": "基础",
            "type" : "patchouli:text",
            "text" : "须知，进入练气之后，天赋之间的差距便初步显现。破境所需灵气与灵根等级有关，五行灵根的等级之和越高，灵气需求量越大（$(d)阴阳不算$()）。从练气到元婴，每阶十层，每破一层，就会给予$(#7CFF39)属性点*3$()（永久提升某属性上限）；每破一境，就会给予一定$(6)寿元。"
   },
   {
     "title": "阴阳",
            "type" : "patchouli:text",
            "text" : "黑白色的阴阳比较特殊，它的来源和五行有关，阳属性来源于金灵根和火灵根，阴属性来源于水灵根和木灵根，它的计算公式为$(br)$(o)阴阳=（金加火）-（水加木）$(br)（负为阴 正为阳 零则无）"
   },
   {
   "title": "功法",
            "type" : "patchouli:text",
            "text" : "$(o)要想修炼好，功法少不了$()想要自然恢复灵力和精力并提升灵力和精力的上限，就需要一本功法。功法要求对于修炼者的境界、灵根有关，功法在后续修炼中更是至关重要。"
   }
            ]
}
